<?xml version="1.0" encoding="utf-8"?>
<modification>
	<name>Cookies Law</name>
	<version>1.0</version>
	<author>REDS</author>
	<link>https://www.agenciaprai.com/</link>
	<code>reds_cookie_law</code>
	
	<file path="catalog/controller/common/footer.php" error="log">
		<operation>
			<search trim="true"><![CDATA[$data['text_newsletter'] = $this->language->get('text_newsletter');]]></search>
			<add position="after"><![CDATA[
				// Cookie Law
				$data['cookie_consent_text'] = $this->language->get('cookie_consent_text');
	    	$data['cookie_consent_got_it'] = $this->language->get('cookie_consent_got_it');
			]]></add>
		</operation>
	</file>
	<file path="catalog/language/en-gb/common/footer.php" error="skip">
		<operation>
			<search trim="true"><![CDATA[// Text]]></search>
			<add position="before"><![CDATA[
				// Cookie Law
				$_['cookie_consent_text'] = 'We use cookies to customize ads and improve your experience on the site. By continuing to browse, you agree with our <a href="index.php?route=information/information&information_id=3" target="_self"><i class="fa fa-exclamation-circle"></i> Policy Privacy Policy.</a>';
				$_['cookie_consent_got_it'] = 'Continue and Close';
			]]></add>
		</operation>
	</file>
	<file path="catalog/language/pt-br/common/footer.php" error="skip">
		<operation>
			<search trim="true"><![CDATA[// Text]]></search>
			<add position="before"><![CDATA[
				// Cookie Law
				$_['cookie_consent_text'] = 'We use cookies to customize ads and improve your experience on the site. By continuing to browse, you agree with our <a href="index.php?route=information/information&information_id=3" target="_self"><i class="fa fa-exclamation-circle"></i> Policy Privacy Policy.</a>';
				$_['cookie_consent_got_it'] = 'Continue and Close';
			]]></add>
		</operation>
	</file>
	
	<file path="catalog/view/theme/*/template/common/footer.tpl" error="skip">
		<operation>
			<search trim="true"><![CDATA[</footer>]]></search>
			<add position="before"><![CDATA[
				<div class="cookie-consent">
					<div class="container">
						<div class="col-sm-9 col-xs-12">
							<div class="cookie-consent-text"><?php echo $cookie_consent_text; ?></div>
						</div>
						<div class="col-sm-3 col-xs-12">
							<button type="button" class="cookie-button btn btn-warning btn-block btn-lg" onclick="cookies.setCookieConsent()"><?php echo $cookie_consent_got_it; ?></button>
						</div>
					</div>
				</div>
				<style>.cookie-consent {display: none;width: 100%;position: fixed;bottom: 0;left: 0;z-index: 100;background-color: #f3f3f3;text-align: left;box-shadow: 0 2px 5px #808080;padding: 20px;}.cookie-consent-text{font-size: 17px;line-height: 24px;color: #7d7d7d;}.cookie-consent-text a {color: #555;font-weight: 700;}.cookie-consent-text a:hover {text-decoration: underline;color: #858482;}.cookie-button {margin-top: 10px;padding: 10px 30px;}@media (max-width: 768px) {.cookie-consent-text {font-size: 14px;line-height: 20px;color: #7d7d7d;}}</style>
				<script>var cookieslgpd=cookieslgpd||{};cookieslgpd.cookies=function(){return document.addEventListener("DOMContentLoaded",function(){var e,o;null===(e="CookieConsent",(o=document.cookie.match("(^|;) ?"+e+"=([^;]*)(;|$)"))?o[2]:null)&&$(".cookie-consent").fadeIn(200)},!1),{setCookieConsent:function(){var e,o,n,t;e="CookieConsent",o=!0,n=360,(t=new Date).setTime(t.getTime()+24*n*60*60*1e3),document.cookie=e+"="+o+";expires="+t.toUTCString(),$(".cookie-consent").fadeOut(200)}}}();</script>
			]]></add>
		</operation>
	</file>
</modification>