<?xml version="1.0" encoding="utf-8"?>
<modification>
   <name>Política de Cookies (LGPD)</name>
    <version>1.0</version>
    <author>REDS</author>
    <link>https://www.agenciaprai.com/</link>
    <code>politica_de_cookies_(LGPD)</code>

    <file path="catalog/controller/common/content_bottom.php" error="log">
        <operation>
            <search trim="true"><![CDATA[return $this->load->view('common/content_bottom', $data);]]></search>
            <add position="before"><![CDATA[
            // Cookie Law
            $this->load->language('common/cookie_law');
            array_push($data['modules'], $this->load->view('common/cookie_law', null));
            ]]></add>
        </operation>
    </file>

</modification>