<?xml version="1.0" encoding="utf-8"?>
<modification>
  <name>Basic Cookie</name>
  <code>basic_cookie</code>
	<version>1.0</version>
	<author>REDS</author>
	<link>https://www.agenciaprai.com/</link>
		
    <file path="catalog/view/theme/*/template/common/footer.twig">
			<operation error="skip">
				<search><![CDATA[</footer>]]></search>
				<add position="after"><![CDATA[
				<script>
				var CookieLow = {
				message: 'Nós utilizamos cookies para personalizar anúncios e melhorar a sua experiência no site. Ao continuar navegando, você concorda com a nossa ',
	button_text: '<i class="fa fa-check"></i> Aceitar e continuar',
	info_link_text: 'Política de Privacidade.',
	info_link: '{{ store }}',
	exdays: 0,
	style: '\
		#cookie-bar {\
			background-color: rgba(0,0,0,0.8);\
			color: #eeeeee;\
			font-size: 15px;\
			text-align: left;\
			padding: 20px;\
			position: fixed;\
			bottom: 0;\
			left:0;\
			width: 100%;\
			display: block;\
			z-index: 999999;\
		}\
		#cookie-bar .info {\
			text-decoration: underline;\
			color: #fff;\
		}\
		#CookieLow-ok {\
			padding: 15px;\
			font-size: 1em;\
			font-weight: 700;\
		}\
		',

	set: function() {
		if (CookieLow.exdays > 0) {
			var d = new Date();
			d.setTime(d.getTime() + (CookieLow.exdays * 24 * 60 * 60 * 1000));
			document.cookie = 'CookieLow=OK; ' + "expires=" + d.toUTCString();
		} else {
			document.cookie = 'CookieLow=OK;';
		}
	},
	get: function() {
		var name = 'CookieLow=';
		var ca = document.cookie.split(';');
		for (var i = 0; i < ca.length; i++) {
			var c = ca[i];
			while (c.charAt(0) == ' ') {
				c = c.substring(1);
			}
			if (c.indexOf(name) == 0) {
				return c.substring(name.length, c.length);
			}
		}
		return '';
	},
	show: function() {
		var html = '\
		<style>' + 
		CookieLow.style + 
		'</style>' + 
		'<div id="cookie-bar"><div class="container"><div class="col-sm-8">' + CookieLow.message +
		'	<a class="info" href="' + CookieLow.info_link + '" target="_blank">' + CookieLow.info_link_text + '</a></div>' +
		'	<div class="col-sm-4"><a class="btn btn-info btn-block" href="" id="CookieLow-ok">' + CookieLow.button_text + '</a></div>' +
		'</div></div>'
		$('body').append(html);
		$('#CookieLow-ok').click(function(event) {
			CookieLow.set();
			$('#cookie-bar').fadeOut(300, function(){
				$('#cookie-bar').remove()
			});
			event.preventDefault();
		});
	},
	run: function() {
		if (CookieLow.get() == 'OK') {
			return;
		} else {
			CookieLow.show();
		}
	}
}

$(function () {
	CookieLow.run();
});
</script>
				]]></add>
			</operation>
    </file>
</modification>